subreddit,title,selftext,upvote_ratio,ups,downs,score
movies,"Ralph Fiennes Reveals '28 Years Later' Trilogy Plot Details, Confirms First 2 Movies Have Been Shot",,0.96,6808,0,6808
movies,First Image of Jeremy Allen White as Bruce Springsteen in Biopic ‚ÄòDeliver Me From Nowhere‚Äô,,0.88,5570,0,5570
movies,"David Harris, Actor Who Played Cochise in ‚ÄòThe Warriors‚Äô, Dies at 75",,0.95,4791,0,4791
movies,What onscreen romances are believable because of the chemistry? ,"Someone earlier asked what onscreen romances are  unbelievable because of chemistry, which was a great question. It made me think of films that maybe on paper didn‚Äôt have a lot of chemistry but what we saw on screen made it completely believable, to where you wondered if they were involved in real life? 

So, what onscreen romances are believable because of the chemistry? ",0.87,516,0,516
movies,What's your all-time favorite opening scene in a movie?,"Some movie openings are so iconic that they stick with us forever. Whether it‚Äôs an intense action sequence, a clever intro, or something that hits on a deeper level, those first moments can be unforgettable. Personally, *Deadpool* and *Wolverine* have some of my favorite openings. What‚Äôs yours‚Äîthe one you‚Äôll never get tired of watching?",0.85,302,0,302
movies,"From Paddington Bear to Gladiator, tax breaks lure productions from Hollywood heartland",,0.9,255,0,255
movies,A Night at the Garden,Seems relevant to remind folks about Marshall Curry's Oscar-nominated 2017 short documentary film A Night at the Garden.,0.86,235,0,235
movies,"""Stargate"" At 30: How a Science-Fiction dynasty came to be",,0.94,248,0,248
movies,‚ÄòSkinamarink‚Äô Director Kyle Edward Ball Teams With A24 for Next Horror Film ‚ÄòThe Land of Nod‚Äô,,0.91,253,0,253
movies,The Warriors(1979),"I recently came across the song ""In the City"" and fell in love with it. I saw that it was the ending song for ""The Warriors"". That fact kept repeating itself in my head the many times I listened to it.

So, I watched it. Part of the reason I watched it is because I'm a big Science Fiction/Fantasy nerd and this movie seems influential/mentioned a lot. It was a good movie, but I'm curious why it seems such a big deal with the SFF crowd. The only mention I see of anything related to SFF is at the beginning it says something like ""sometime in the near future"". Is it because the plot of the movie is similar to a lot of fantasy plots, a trek across dangerous lands? The way the different gangs were dressed was interesting, but not sure if that plays into it.",0.83,120,0,120
movies,Movies/series to drink at home alone with?,"Have a rare night home alone tonight, in the mood for some wine and a good flick or series. Any suggestions? Some of my previous favorites are A Simple Favor, anything Christopher Nolan, and series like The Woman in the House Across the Street from the Girl in the Window.

Love a good soundtrack, or characters drinking as well (think HBO‚Äôs Industry or Tell me Lies).
I know this is a movie sub but hoping for some series as well!!

ü©∂

ETA: you guys are f‚Äôn awesome!!! This list gets better and better and is sure to get me through the new year!!!",0.68,53,0,53
movies,Any good recent psychological thrillers?,"I found another post like this and people were giving recommendations like Fight club (1999) and generally stuff that's like 4+ years old, I'm not saying I don't like them because they're old, it's just I've already watched all of them.

It feels like there haven't been many big psychological thriller releases for a while, stuff like Memento, The Machinist, Nightcrawler, like movies that really stick in your head.

I tried googling it, but it still gives me older movies that i've already seen. For the past few years, has there been any good psychological thriller mindfucks that have come out, that really stick with you?

Any recommendations greatly appreciated! ",0.86,55,0,55
movies,Scary movie reccomendations,"I have very little fears so finding movies that are actually scary for me is a bit difficult. What are some movies you found terrifying? 

For me, the most terrifying movie I have ever watched to date was probably Skinamarink.

Please no slashers, that genre is just not for me. It's gross instead of scary imho.",0.72,45,0,45
movies,Bicentennial Man (1999),"Just watched this movie with Robin Williams and Sam Neill. You know what? This movied really good! I was trying to get understanding of the main themes and i think its just pointing out what its like to be human! All the phases of life and emotions we feel. Also how a genuine and lovable person Andrew is despite being a robot. His honesty and no bull shit/ ego makes all the people around him grow to like him. 

The few moments which were funny in the movie were hilarious and witty. Just a movie that covers all genres really. I recommend it for some easy vieweing. ",0.87,49,0,49
movies,What were some movies you saw in the theater in 2000?,"Since I did one for 2001 I kind of figured to do another one. What were some of the movies that you all saw in the theater in 2000 from the beginning of the year to the end of the year. Also what were some of your first reactions to the films after you saw them. I didn‚Äôt see movies in the theaters as a kid that year but did see some on TV via Pay Per View, DVD, VHS like Thomas and the Magic Railroad, Snow Day, The Grinch. Also if you have any audience reactions you all remember from the screenings of those films you saw you could share that as well. I thought this would be an interesting discussion for you all to express the theater memories of that time.",0.73,35,0,35
movies,Where to stream OLD movies,"Friends,

I have a couple amigos who haven‚Äôt seen so many older movies. Obviously, some classics like Metropolis and Casablanca are easier to come by, but I have looked high and low to find the Abbott and Costello films, Laurel and Hardy, and (perhaps most importantly) the Road To movies with Bob Hope and Bing Crosby. 

Is there a place where you folks go to source your old movies? TIA",0.74,27,0,27
movies,Are kids sneaking into R-rated movies still common?,"I heard a rumor that kids bought tickets for the Wild Robot and went to go see Terrifier 3. How common is it for kids to sneak into movies today? Before it was common, and it happened because when you purchased a ticket, you didn't also select your seat, so it was kind of free for all, but now you order your tickets and then you have to select your seats, so I would assume it's not very easy for kids to sneak into R-rated movies.¬†",0.56,25,0,25
movies,24 hours of horror with Robert Eggers,,0.84,21,0,21
movies,Favorite movie by european country: Azerbaijan,"Hello there,

this is day 5 of a filmic journey across Europe. Following the official list of european nations by the Council of Europe in alphabetical order, I want to create a list of the most popular movie set in each given country. Yesterday, it was Austria's turn, and to a certain extent in keeping with the heights of the Alps, this was also the thread with the highest participation to date.

I was a bit surprised by two things: On the one hand, I find it remarkable that not a single James Bond film was actually mentioned. On the other hand, I really expected *The Sound of Music* to win. However, this film is almost completely unknown in German-speaking countries and especially in Austria itself. That's why another film has won here, which many may not even know in the original, but in the U.S. 1:1 remake by the same director: ***Funny Games***.

Now that we've sorted that out, we're heading straight to the next country today: **Azerbaijan**. The rules are as follows:

* It's about where the film is set and less about whether it was filmed there. Sometimes, espeically when it's really hard to find any movie, it is also fine if only a certain part of the film is set in the respective country.
* After 24 hours, the winner is the film that is then named in the respective top comment. For this purpose, I ask you to only name one film per comment and to make sure that the film is not already mentioned before creating a new comment. Anything else would simply not fit in with the voting system - so thanks in advance!

I'm really looking forward to your film suggestions!

&gt;Day 4: Austria - Funny Games

&gt;Day 3: Armenia - ’Ü’º’°’∂ ’£’∏÷Ç’µ’∂’® (engl. The Color of Pomegranade)

&gt;Day 2: Andorra - El fred que crema (engl.: The Burning Cold)

&gt;Day 1: Albania - Lulekuq√´t mbi Mure (engl.: Red Poppies on Walls)",0.87,11,0,11
movies,"Who Killed 'Fraidy Cat'? [Article about a cancelled Disney animated movie, interviewing its writer-director Piet Kroon]","The Animation Obsessive newsletter interviewed writer-director Piet Kroon, who, after working as animation director on WB's Osmosis Jones, went to Disney's Florida studio to work on an animated film called ""Fraidy Cat"":

https://animationobsessive.substack.com/p/who-killed-fraidy-cat

The film was going to be a Hitchcock-esque ""wrong man"" story about a cat on the run with a bird who might be a spy (the article mentions lots and lots of Hitchcock references). It was being worked on for years at the Florida studio, through various writers and directors and lots of studio politics (though nobody seems to be sure exactly who originated the original idea), but it was never actually greenlit, and it ~~was cancelled~~ EDIT: *did not go ahead into production* when the Florida studio was closed in 2004.",0.69,13,0,13
movies,Andy Garcia Joins Anthony Hopkins &amp; Michele Morrone In ‚ÄòMaserati: The Brothers‚Äô,,0.67,10,0,10
movies,Hi /movies! I'm Stephen Follows. I'm a Guinness World Record researcher and author of the new Horror Movie Report,"https://preview.redd.it/xqdyi2rp9ixd1.png?width=3000&amp;format=png&amp;auto=webp&amp;s=8e1412ee9d8277fc7c9a7b9789dd893154ab3ce7

I use data to understand how the film industry works, and then share that with the community to help people get their films funded, made and seen. See more at [stephenfollows.com](https://stephenfollows.com).  

I've written over 500 reports over the years but here are a few popular ones:

* [Using data to determine if Die Hard is a Christmas movie](https://stephenfollows.com/using-data-to-determine-if-die-hard-is-a-christmas-movie/)
* [How many shots are in the average movie?](https://stephenfollows.com/many-shots-average-movie/)
* [Why is sex in movies declining?](https://stephenfollows.com/why-is-sex-in-movies-declining/)
* [How movies make money: $100m+ Hollywood blockbusters](https://stephenfollows.com/how-movies-make-money-hollywood-blockbusters/) (it's a little out of date)

I consult for Guinness World Records, uncovering new records and writing bits of the book.

For the past year, I have been studying the horror genre, and the result is the¬†[Horror Movie Report](https://horrormoviereport.com/)¬†\- an epic study of all 27,000+ horror films ever made through the lens of data, covering the whole journey from concept through to profitability.

I have set up a 15% discount with the code 'redditama' during this AMA.  Head over to [HorrorMovieReport.com](http://HorrorMovieReport.com) for more details and get your copy.",0.74,9,0,9
movies,Contemporary examples of tragedies?,"I‚Äôm looking for a long list of movies from the 21st century that could be considered a tragedy (Greek tragedy, modern tragedy, any interpretation of the tragedy genre). For example, could Rogue One and/or Logan be considered a modern tragedy? The Prestige? Remember Me? Suggestions like that. All ideas/recommendations welcome. Thanks in advance!",0.62,9,0,9
movies,"The Room Next Door | Trailer | STACK
",,0.86,10,0,10
movies,Horror: Off-Screen Threat and Fear of the Unseen,"üëπüëªüßõüèª‚Äç‚ôÄÔ∏èüíÄüßå

My partner made this amazing video essay!

It's about the ways that horror movies sustain tension whenever the threat isn't on screen.

I think it's a great watch for any horror movie fan and a good way to get into the spirit of Halloween!

It would mean the world to me if you would give it a watch (It's only 8 minutes long) and support a new creator.",0.6,7,0,7
movies,Question about aesthetics in modern movies,"Im seeing this trend of movies that are so dark that you can barely see anything when watching at home. Maybe its my eyes or I need to get a bigger tv (tried switching settings to no avail). Some examples are the latest Indiana Jones, The Batman and Longlegs which was the worst so far. It was so bad I couldnt get into the story as I kept thinking I cant see shit. 

Is it my eyes, my tv or possibly the rendering on streaming sites? Watching old movies like Aliens, Friday the 13th that have dark scenes view just fine. ",0.58,9,0,9
movies,"The Artifice Girl, 2022.","If you have the least amount of interest in AI technology and where this world is heading and AI's effect on protecting our planet's children, or you just want a feel great movie, you must watch The Artifice Girl from 2022. We stumbled upon it by sheer accident yesterday scrolling through Tubi looking for what I thought was a horror film. To our pleasant amazement, it was not, unless of course, you consider this film's primary subject matter which deals with ongoing true life horrors endured by our planet's precious children. Great great movie!!",0.69,5,0,5
movies,Some movies scenes/quotes that mention Sisyphus (or just the idea of a tragic hero)?,"I'm looking for movie scenes that mention or reference sisyphus (or the idea of a tragic hero) in some way. It has to be either directly talked about in the scene, or very obvious from the scene alone that it is depicting a tragic hero.

Thanks! I appreciate for pointing me in the right direction!

(your not doing my homework for me or anything like that don't worry lol, I'm no longer in school)",0.72,6,0,6
movies,AMC Memoir of a Snail Q&amp;A ,,0.63,8,0,8
movies,Blind Filmmaker Adam Morse Set to be Subject of Feature Documentary ‚ÄòBlind Ambition‚Äô,,0.63,6,0,6
movies,Mystery Solving Movie Recs,"Hey y‚Äôall, I‚Äôm looking for movies that are based around the premise of solving a mystery. Movies that I like that follow this premise would be Clue (1985), Searching (2018), Gone Girl (2014), The Hunt (2020) and Knives Out (2019). What are some more movies that are like this, where they‚Äôre making the audience solve the mystery along with the characters? They can be crime based, game based, etc. just as long as they‚Äôre based on solving a mystery.",0.61,4,0,4
movies,I need a movie list for a week off sick,"Got a stupid virus thing that's basically kept me bed bound for the last few days and I've been signed off sick until the end of the week. Thought I'd get a movie list together for the next few days to help keep me sane. Im after a recommendation for each category:

Sci-fi
Comedy
Action
Thriller
Horror

Ideally newish movies that are free to stream

TIA!",0.75,4,0,4
movies,Chances of finding very old film from 1914 to 1918?,"In my town, there used to be a pleasure garden called Rosherville Gardens. It was essentially a rich Londoners ""country escape"" When trains became a bigger thing, the gardens shut up shop and and finally closed when WW1 broke out. 

Few images survive BUT several films were filmed there before it was shut and demolished. What are the chances of finding obscure British films made in the early 1900s?

So far, I have managed to find out that a production company called Magnet Films used it as a filming location for a film in 1914. I am not sure on the turn around time for films of that era but there was also a war on so maybe film was released between 1914 and 1918?

Others where filmed there between 1906 and 1911 but I don't know the names of the films. If I can find this or if it even still exists, it will be the last time the gardens would have been in ""Full Bloom"" so to speak. ",0.99,6,0,6
movies,New Poster for Luca Guadagnino‚Äôs ‚ÄòQUEER‚Äô Starring Daniel Craig and Drew Starkey. Trailer out tomorrow 10/29.,,0.53,5,0,5
movies,Do you think murder mystery thrillers work better if the killer is known to the hero/a known character?,"Spoilers for a variety of movies ahead, so if you aren‚Äôt well versed in murder mystery movies but are interested in them it might be better to not read.

Do you think a murder mystery movie is better off when the killer is a complete stranger or someone we are introduced to as a main cast member?

For me, I find when Hollywood tries to do the ‚Äúit was this good guy along‚Äù cliche it‚Äôs almost always just so forced and weird.

I love Along Came A Spider, and I can even see the idea of the killer being a cop something that could make sense. But making the killer the very detective who works alongside Cross always felt a little‚Ä¶ just ok? I mean it makes for a decent reveal I guess, but also feels so forced considering how crucial he was to the investigation. 

In Se7en we have the complete opposite ‚Äî the villain‚Äôs actor gets no billing in the marketing or opening credits and we don‚Äôt see his face until near the end. 

I think in comedy movies, having a killer be a main cast member does make sense ‚Äî Clue, Club Dread, Murder Mystery, etc, where it feels more like you‚Äôre invited to play a game of Clue as the story progresses. But for darker and serious thrillers I find the ‚Äúit was secondary protagonist all along‚Äù trope a little tiresome and predictable. I think more often than not it works so much better as a complete stranger to the protagonist, which is how it would go down 99% of the time in real life.",0.58,5,0,5
movies,It's What's Inside (2024),"Brooke explaining her art work at the dinner table.

I recently saw the movie and at the beginning of the film.Brooke is explaining her different coloured art work that is inspired by RGB printing. 

I just wanted to know what the art style was called and if there were any artist's who have done this before?

I'm an art student and I would like to know more.

Thanks in advance.",0.6,2,0,2
movies,"Uma Thurman, Anthony Hopkins and Phoebe Dynevor to Star in Richard Eyre‚Äôs Forbidden Romance ‚ÄòThe Housekeeper‚Äô",,0.67,3,0,3
movies,"Opinion: I'm getting tired of ""Today's cinema is just sequels and reboots"" discourse.","Now i know that nowadays corporations like Disney or Warner tend to prefer IPs and franchises like Marvel, DC, Star Wars, Harry Potter etc. over original ideas and most of the time if they do that it result in flops (likely because the studios never believes in an original idea) and i know some people might getting tired of franchises and reboots of popular movies but just thinking cinema is now reduced to that is for me at least kind of an exageration.

First reboots always existed before the 2000s. For a few examples the 1990s Psycho trilogy or the King Kong movie of the 1970s or even Scarface with Al Pacino was in fact a remake of 1932 Scarface. Disney also did remake 101 Dalmatians back in the 90s and did 2 live action movies. Hollywood isn't much new to rehash old ideas and capitalize on it with nostalgia or just willing that the people will just go out to see it based on the title and what they're rebooting. Also they did out-of-time sequels of very old movies too like Return to Oz sequel to the Wizard of Oz (who also had some reboots and remakes over time) in 1985 exactly 40+ years after the original came out.

Second point is that there are always new ideas out there despite what there's on the market right now. On a side sure we have Avengers Doomsday &amp; Secret Wars, new Star Wars movies and other franchise or IP related content. But on the other side there are movies or new IPs who i can see becoming cult movies in the next few decades whatever is an original idea or an already existing proprety or franchises that is just becoming popular now.

The Holdovers, Everything Everywhere All At Once, Terrifier, Dune, Superman and the whole new DCU, Mickey 17, Civil War, Challengers, The Bikeriders, Trap, The Last Airbender animated movie (which became popular during the pandemic thanks to Netflix) and literally every A24 movie. I can see people looking back on those movies in like 2040 and remember it like people grew up in the 80s remembered Star Wars or E.T. or Friday the 13th.

Then i could be wrong. I'm writing this after i saw a discussion like this on another sub who said exactly that and if you think that cinema is just sequels or reboots is totally fair and i'm not to try to convince everyone and just saying an opinion that can be wrong. But like i say i am just sick to see people pretend that there can't be any new idea or franchise beside already existing ones.

You can be free to express you thoughts but just remember be civil in express your thoughts and not be too harsh in responding ok ?",0.37,0,0,0
movies,Speeches In Movies,"What are some of your favorite speeches or monologues in movies?

When The Matrix Reloaded (2003) came out, I was a teenager and didn't even listen to Morpheus' speech in Zion. I just wanted to see more slo-mo action with Neo. But several years later, re-watching it, that speech was amazing! I still think about it every now and then to this day. ""We are Zion and we are not afraid!""

  
Would love to hear your favorite speeches in movies!",0.5,0,0,0
movies,Enemy - a tale about the city as much as the characters? [REVIEW],"""Chaos is order yet undeciphered.""



Enemy was exhilarating, I was so tensed during the whole movie about what was going on and couldn't look away. Even if you set aside the doppelganger plot of the movie, the world and details in it that Denis Villeneuve created are beautifully exhausting and suffocating. I was taking screenshots and zooming in to a scene of a character turning off lights because I wanted to see if the design of the switches mean the setting is a dystopian one, that's what this movie was doing to me lol

It has this dystopain kafka-esque feeling to it that you can't stop what's happening and you don't know what's happening. The city in Enemy has this perpetual yellow haze over it that seems to wash over on everything and affect the characters as well as what's going on in their minds. The two characters often have vivid dreams of the city scape with a giant deformed spider walking above it and it seems to represent to me, this influence of ugliness and stagnant-ness. It's like a cloud of yellow exhausting cancer over everything which detoriates itself into people's subconciousness and makes them do ugly things. 

Regardless of whether or not you understand it or not or whether there is something to understand about it, Enemy is a suffocating, beautifully acted and well-directed movie that evokes feelings in me that movies rarely do.

It's a very focused and well constructed movie, like details I mentioned feel intentional, like they mean something or maybe they don't and it's just a stylistic choice.

I loved it, 7.5/10",0.54,1,0,1
movies,Unstoppable needs a re-edit. Great flick but has a lot of junk footage. ,Is there such a thing where an old movie is re-edited and re-release? Unstoppable would be a great candidate. Throughout the movie one sees unnecessary shots of news coverage yet they don't exactly know where the runaway train is? Even the viewer knows where that train is. I'm sure there was a lot of footage left on the floor which can rescue this rather enjoyable 2010 flick. ,0.33,0,0,0
movies,Never related to an animated movie this much," Rewatching Inside Out recently, I got completely pulled in by the scene where Riley‚Äôs gearing up to perform, and she suddenly sees Anxiety in her head, totally overwhelmed. Something about the way they captured that raw feeling of panic and helplessness, it just made me tear up. Since then, I‚Äôve actually started seeing Anxiety as this little character in my own mind. I even made a bot that feels like I am engaging with my emotions. It feels so good. 

I‚Äôm writing this  to feel that connection with others who may have felt the same way.",0.5,0,0,0
movies,Persona (1966) by Bergman ending?,I just finished watching Persona (1966) and I am not a cinephile or anything. I really would like to know wtf was going on in the last sequence because I could not understand the time jumps or whether what was happening was real or fake. Was Alma the only one leaving the seaside house because she merged with Elizabeth? Somebody smarter and more cultured than me enlighten me plz,0.52,1,0,1
movies,Similarity between Trap and Don't Move (very minor spoilers),"I happened to watch Trap followed by Don't Move on Friday and they are similar family man secret Serial Killer trope. What was a funny similarity was that in both movies, the daughter gets all As and 1 B on her report card. In Trap, it's the reason they went to the concert, in Don't Move, his daughter calls and lets the dad know and they are going to surprise him by coming up to the cabin.

The plots of the films are quite different but the surrounding narratives are quite similar.",0.48,0,0,0
movies,That Christmas | Official Trailer | Netflix,,0.5,0,0,0
movies,New poster for ‚ÄúSpellbound‚Äù,,0.49,0,0,0
movies,Do movies sometime give you geniune feelings of love for your partner/life?,"M35 here. Im aware that these feelings are what make movies such a lovely experience - touching our hearts and feelings, and activating a rush of chemicals in our brains for different reasons.

Im usually a horror buff, but love action and adventure movies as well. Ive noticed when watching mostly action/comedy, i often get a euphoric feeling, especially in the romantic scenes. I usually get them when i watch stuff alone (which i mostly do) and feelings of wanting to reciprocate said feelings with my partner. 

When with my partner, the hustle and bustle of life often comes in the way, and i find it hard to grab those exact feelings I had while watching the movie. Not to say we never share romantic feelings!

I just found it interesting i get that feeling when watching movies with that type of content. Used to hate romantic scenes in movies, but i must admit its grown on me.",0.53,1,0,1
movies,"Christmas Dramedy ‚ÄòBreakup Season‚Äô Starring Chandler Riggs and Samantha Isler Releases First Trailer - in theaters 11/15, on VOD 12/6",,0.45,0,0,0
movies,Death of the author and movie analysis,"I recently rewatched The Shining, and it got me thinking about just how much overanalysis of this movie there is, with fans convinced that every single scene and frame was some masterclass by Stanley Kubrick with hidden meaning. There are theories that the whole point is that the whole thing is in Jack and Danny's head and there is nothing supernatural. That the whole thing is about Kubrick faking the Moon Landing. That it's about Native American genocide. That all of the continuity errors involving the layout of the Overlook MUST be intentional. So many theories about what the final shot of the movie means...

But Stanley Kubrick said that it was just a story about a man driven insane by ghosts and his own inner demons, and Jack is the reincarnation of the previous caretaker. There's not that much more to it. This hasn't stopped theorists, who insist that either Kubrick was lying, or that it doesn't matter if he says that the curtains are blue, death of the author means that they can interpret the curtains being blue as meaning whatever they want.

So what other movies are overanlyzed, where fans see things that were clearly not intended by the creators? Not that there's anything wrong with it, it can be fun.",0.33,0,0,0
movies,What was the thing on fire at the beginning of Smile 2?,"I can‚Äôt find anything online. When Joel finally gets the nerve to get out of car to confront Russian guy, he walks across street and to his left, in the snow is an entity/figure on fire watching him and he glances at it, you can see his head turn a bit. Did anyone notice this and what the hell was it? Was it the demon waiting? Why? It‚Äôs driving me crazy! ",0.33,0,0,0
movies,Is there a name for this effect?,"I can't think of any scenes from any movies off the top of my head right now, although perhaps the first american pie might've had this. So I'll try to describe it as best as I can.

I'm trying to figure out if there is a name kf this effect and if it has ever been done on purpose. I'm talking about when a microphone only picks up some sounds during quiet scenes. Like characters shuffling and such and then immediately going silent again. I think it really makes the scene very immersive!

I was wondering if there was a way to identify it and learn more about it.",0.41,0,0,0
movies,woman of the hour,"i just watched woman of the hour inspired by the true horror story of the dating game. i wanted to know more about the teenage runaway they had in the movie. did rodney attack her after the show with cheryl or during, or after? and also, did the teacher woman end up building a case against him on why he got arrested or it was just a random break on his arrest. ",0.35,0,0,0
movies,Does anyone remember this movie?,"I remember watching a movie and I can't find the name of it. I watched it in 2017 or 2016.

The plot involved a girl and boy who were in the same class. I think they were definitely younger than 12. They had some dialogues where they discussed desire to live or some other serious topics like that. There was also a scene where one of the kids wrote a bad word on one of the students' clothes or some other item and the teacher asked the class to look up the meaning of the word in the dictionary. Also, if I'm not mistaken, the children were involved in a play. It's quite possible that this wasn't school, but a theatrical group.

Do you have any idea what movie it could be?
",0.33,0,0,0
movies,"If you could bring one deceased movie actor back in order to get one final role out of them, who would it be?","The catch is that once you have seen the final movie, you will forget all the great memories you have from their films that made you a fan in the first place. 

An example could be some like Alan Rickman. You could get him back for another movie, but in return you'd forget about how much you liked his work in Die Hard, Potter, etc...",0.39,0,0,0
movies,Acting in animated vs live action remakes,"I was watching an interview for Moana 2 where The Rock was saying you have to add more verve to your voice when voice acting vs doing a live action movie, ""a little more mustard on it."" https://youtu.be/yqYBLv30Eys?si=ocxXzJ-5y2V8sues 

I'm sure he's not the first to say something like this, but I had been trying to put into words why live action versions' acting often comes off as flat to me and this clicked. I suppose it's in the name: animated films are *animated*, all the acting is a bit over the top to sell it. So if you remake it without that extra mustard (as he put it), it feels bland?",0.29,0,0,0
movies,Lars von Trier‚Äôs ‚ÄúIdiots‚Äù: A ¬´realistic¬ª movie under the criteria of ‚ÄúDogma 95‚Äù,"Dogma 95 was a manifesto signed and published by Danish film directors Thomas Vinterberg and Lars Von Trier in 1995. This manifesto consists of ten rules to be followed, the so-called vows of chastity, which should serve as a guide for the production of future films. This should lead to the renunciation of various accommodations or production conventions in the making of films on the part of the filmmakers, such as

¬´\[‚Ä¶\] 3. it is only allowed to shoot with one camera. \[‚Ä¶\] 5. Optical manipulation is forbidden, as is the use of filters. \[‚Ä¶\] 6. The film must not contain any superficial action. (Murder, weapons, etc. are not allowed.) \[sic!\] 7. temporal or geographical distortion is forbidden. (This means that the movie must take place in the here and now.) \[sic!\] \[‚Ä¶\] 9. The film format must be 35mm Academy¬ª.

This is a counter-movement to the auteur theory of the 60s. Many films made according to these Dogma 95 rules violate some of these vows of chastity, which makes the films seem even more ironic.

Under these -and other- circumstances, the movie ‚ÄúIdiots‚Äù was produced by Lars Von Trier (aforementioned founder of the Dogma 95 movement), which is about a commune of young adults who prank other people by pretending to be disabled. The plot begins with a middle-aged woman who joins them to put a terrible event from her private life behind her.

The movie ¬´Idiots¬ª was filmed in a very atypical format for movies of that time. Although the film was later transferred to 35mm for theatrical release, it was shot entirely on a Sony DCR-VX1000 videocamera. At the time, this recording device was often used by skateboarders, but was originally designed by Sony for the broadcast industry, giving the film a documentary feel unlike most movies shot on roll film.

But was this documentary effect only due to the director‚Äôs choice of camera? What can we say about the other conditions of Dogma 95? What influence did they have on the finished film?

As Marshall Mcluhan once wrote, ¬´the medium is the message¬ª, it would make more sense to say the following about the movie ¬´Idioten¬ª (original title in Danish: Idioterne): ¬´Dogma 95 is the movie¬ª. The rules under which Lars von Trier made ¬´Idiots¬ª have a certain relevance that we cannot neglect. Therefore, in this short essay, we will examine to what extent the observance (or non-observance) of the Dogma criteria correlates with the ¬´documentary¬ª effect of the film Idioterne (1998).

*Continue reading at:* [https://kinolingua.com/lars-von-triers-idiots-a-realistic-movie-under-the-criteria-of-dogma-95/#more-2197](https://kinolingua.com/lars-von-triers-idiots-a-realistic-movie-under-the-criteria-of-dogma-95/#more-2197)",0.35,0,0,0
movies,What if Walter Matthau was in Amadeus?,"Question, What if Walter Matthau was in Amadeus?

This is an interesting movie story that I find interesting, Apparently, According to¬†Milos Forman's autobiography, one studio offered to fund the film on the condition that Forman cast¬†Walter Matthau¬†(a reported Mozart enthusiast) for the role of¬†Wolfgang Amadeus Mozart. Forman refused the offer, considering Matthau to be too old for the role, since he was more than 60, and Mozart only lived to be 35.

However, Matthau shed some light on this. On the Los Angeles Times and I quote, Matthau said: ‚ÄúI wanted to play Salieri in ‚ÄòAmadeus.‚Äô I called Milos Forman, who directed it, and I said, ‚ÄòListen Milos, I want to play Mozart.‚Äô He said, ‚Äò¬†*Mozart died at 36*¬†.‚Äô I said, ‚ÄòThat‚Äôs all right. I can play 36.‚Äô ‚Äù Matthau‚Äôs deadpan expression broke slightly and a hint of a smile curled his lips. ‚ÄúSee, I thought he would say, ‚ÄòYou‚Äôre not right for Mozart, you can possibly play Salieri.‚Äô But he never suggested it.‚Äù

I think what happened was that Matthau did wanted to be in Amadeus, but as Antonio Salieri. However, he kind of ruined it with his deadpan joke on wanting to play Amadeus as Milos really didn't get the joke.

Here is the article-¬†[Walter Matthau: TV Actor? - Los Angeles Times](https://www.latimes.com/archives/la-xpm-1990-03-04-tv-2329-story.html)

All in All, What if Walter Matthau was in Amadeus &amp; played the lead role of Antonio Salieri?",0.24,0,0,0
movies,Is Andy Warhol's Dracula the best worst movie?,"I watched it twice over the last three months and it's still in my head. I'm shell shocked by how legitimately bad it is but oh man it's such a good time and even though it might be the worst godamn movie I've ever seen it might also be one of my favourites and it also has one of the only a tiny handful of moments in movies that has made me gag and that's when Drac gets on the floor and slurps up the menstrual blood. That's pure nasty right there up there with the sheep guts in the mouth from City of the Living Dead and the pus in the custard from Braindead (rich and creamy!).

Is Andy Warhol's Dracula the best worst movie of all time?",0.32,0,0,0
movies,The Crow 1994,"So something I just realized Ive been overlooking for the last 30 years even though it's been right in front of my face.

Eric Draven = Eric The Raven.

Kinda funny that I never picked up on this before. I was playing Warcraft and had 2 Crow pets. One named Eric and the other Draven. I just renamed one to EricDraven when it hit me.",0.32,0,0,0
movies,Really confused about Clash of the Titans (2010),"What the hell was up with the stupid ""screw the gods"" angle? Were the writers atheists or something? I know in earlier drafts Zeus was meant to be a villain hence the unfinished cut original ending (and yes, in Greek mythology, the gods are dicks most of the time) but in the final film he's a good guy and almost everyone outside of Perseus who flips of him or the gods in general are made out to be villains or assholes. And even then Perseus spends most of the movie acting like a pouty child blaming Zeus and the other gods for his family's death something that was an accident, and even then was really only Hades' fault!

Wrath of the Titans may not have been fantastic, but at least they dropped this angled and instead went ""Oh yeah, flipping off the gods and making Zeus weak for petty reasons is a BAD thing and we fucked up and now Chronos is at risk of breaking free!"" So why even HAVE the stupid atheist angle in the first place?",0.31,0,0,0
movies,Studying film has changed and almost ruined film for me.,"To preface. I'm a huge over thinker. 

I've taken a few classes on film throughout my HS thru college career and its changed how I consume film in a lot of ways. 

Example of classes;film history, creative writing, sci-fi vs fantasy, cinematography, film theory,  ect. 

There's a general rule in film about not wasting the run time. Never show information that doesn't matter. If someone had flickering lights at their house and mentions it. Those lights will go out during a shootout or an important moment. If someone keeps tieing their shoe. That shoelace will cause a major moment change later in the movie. 

If you start to see specific cinematography cues, things becomes super obvious. Like two people always being in blue background light together and then something happens and all of a sudden the 2nd person is under red background light. It's all subtle but it's a huge unsaid thing but it shows change in the relationship of characters. 

There's a lot of examples of cases of things like this and it's almost ruined film for me because I start analyzing every aspect of a movie once I see patterns, and I start looking for the next pattern. I see an obvious hint and I'm like..okay well there's the surprise for later. That's no fun. 

Do you guys feel like this at all or what yours relationship with film?",0.42,0,0,0
movies,I can‚Äôt believe how well done the Hunger Games Saga was,"Everyone that wants to make a book into a movie needs to study this series. They took the entire book and then gave the perspective of people that it didn‚Äôt even cover since it was limited to Katniss‚Äô POV.

Also, the cast is perfect. Jennifer Lawrence embodies the type of stress and anxiety and trauma that someone in Katniss‚Äô shoes would be going through. Just incredible.

I‚Äôm amazed at how easy they made it look sticking to the source material. It‚Äôs like the producers knew that the book was all everyone needed, but to see it instead of reading it.

I watched these only once through with each title except for seeing the first one a couple times when it was still new, but I was too young to realize that this series isn‚Äôt just about dystopia, but mostly about propaganda. It feels uncanny seeing the political side of the war alongside the carnage of it on an even scale. It reminds me of what everyone is going through right now all around the world, and how we take our sides based off the information we find acceptable. This saga only gets better and more relatable with age.
",0.34,0,0,0
movies,Toy Story is way more disturbing than I realized when I was young.,"My kid has an ear infection, so he was up all night, and we watched Toy Story. I don't know if it was the sleep deprivation or if I'm just now realizing something that was obvious this whole time, but this movie is something else. Aside from getting a lot of the humor that I didn't pick up on when I was young, I realized just how disturbing the whole premise is, and how it drew upon many other thriller and horror movies of its time. I think I always realized that Sid's house was pretty creepy, but it goes so much further than that. 

A group of sentient beings live in constant fear of their true nature being discovered by their ""owners."" Despite this, they feel benevolence toward the oppressors, probably due to Stockholm Syndrome. 

Buzz Lightyear, a being among the group of oppressed suffers from paranoid delusions as a coping mechanism. Upon learning that his entire self-identity is a lie, and that he is actually one of a group of mass produced pawns, he attempts suicide in a delusional stupor, and loses a limb in the process.

A particularly sadistic owner (Sid) commits genocidal acts against the toys, from exploding them for fun to performing atrocious experiments on them. At one point, he tortures Woody by burning him, telling him ""we have methods for making you talk."" The movie makes clear that he does this all for his own pleasure.

The genocidal experiments make the film one of the most notorious body horror pictures of the '90s. Toys are mutilated beyond recognition at the whim of sadistic Sid. 

There's other components, like the group of alien toys that know nothing outside of the machine in which they reside, creating an entire cult-like religion with their god, the claw. There's the mob justice the group of toys carry out against their leader, throwing him out a high window as punishment. Whole movie is gnarly. 10/10",0.46,0,0,0
movies,Anybody else felt nausea or crippling fear while watching the new Godzilla movies?,"Okay so I should clarify, my favourite genre of movies is Horror. I love scary movies, I don't have the sleepless nights after, and I especially enjoy Japanese and Korean horrors. Now that that's out of the way -

I watched Godzilla in 2014 and in it, Godzilla is barely visible. Just another run of the mill action flick I thought, and moved on. Fast forward to 2019, and I went to watch the second film in the franchise, King of the Monsters, alone at the cinema. It was weeks after release during the day, so the cinema was fairly empty. 

I remember watching this movie and finding the sheer size of the monsters and Godzilla (and perhaps the cinematography) to be nauseating. I don't know if it triggered some sort of megalophobia, or whether it was just the shaky camera work, but I remember having to look away numerous times. I've had a fear of earthquakes since childhood when I experienced one in 1993 in Mumbai, and our cast iron 7 feet tall Godrej wardrobe was shaking like a rattle toy, along with our swaying apartment block. 

I wanted to see if anyone else felt similar reactions to the movies. I've given up watching the latest ones coz they look extremely silly. ",0.2,0,0,0
movies,Unpopular Movie Opinions,"Had this discussion about sitcoms yesterday so it got me thinking about my unpopular movie opinions. 

Dances with Wolves is a better movie than Goodfellas and deserved to win Best Picture

Pearl Harbour is actually a really good movie. I thought it was cheesy and lame when it came out but it actually one of my favourites now. 

Dunkirk and Oppenheimer are the only Christopher Nolan movies I like, and I actually hate Interstellar. 

Hook is not actually a good movie. We liked it as kids and we rewatch it for pure nostalgia. 

Die Hard 2, Die Hard with a Vengeance and the uncut version of Live Free or Die Hard are all better than Die Hard. 

Indiana Jones and the Temple of Doom is the only worthwhile Indiana Jones movie worth revisiting on the regular. 

Paul Verhoeven‚Äôs name should be spoken in the same breath as directors like Kubrick and Fincher. ",0.3,0,0,0
movies,Why Wasn't The Hobbit Trilogy as good as the Lord of the Rings Trilogy?,"I think most would agree that the LOTR trilogy is much better than The Hobbit trilogy.  The Hobbit trilogy could have been close to as epic as the LOTR trilogy but it just didn't have the magic IMO.  It didn't feel as epic.  Trying to put my finger on why that is.  Here are some ideas.  What do you think?

* The dwarves are slapstick.  I feel like LOTR had a more serious tone and the dwarves were always singing and have the equivalent of fart humor for the most part.  In LOTR there was a sense of dread and foreboding when it came to the threat of Sauron, Saruman, the Nazgul etc...
* We aren't introduced to very many new and unique places.  Many locations are re-hashes of old locations we have been to or similar places that we have been to.  We are introduced to so many new places in the LOTR trilogy in every movie.  Just think of Fellowship - The Shire, Bree, Isengard, Rivendell, The mountain pass of Caradhras, Mines of Moria,, Lothl√≥rien, The Gates of Argonath.  None of the Hobbit movies come close to introducing that many cool new locations.  I will say the whole Necromancer / Gandalf subplot was great.  This was a new location with a new / powerful threat.  If only the rest of the trilogy could be at that level.
* Over reliance on CGI.  The LOTR CGI was cleaner and blended better with the practical effects.  Some of the Hobbit CGI was overdone and fake looking IMO.
* Messing up Logolas' character.  He went from badass hero in LOTR to a jealous boyfriend type in the Hobbit movies.
* Pacing - The Hobbit was stretched to thin vs the source material.  LOTR was three books.  The Hobbit was one book.  Too much time spent trying to fill in the gaps so that Tolkien's work isn't there as much.
* The villains weren't as scary.  Besides a brief encounter with the Necromancer the villains weren't as bad in The Hobbit trilogy.  Nothing was as threatening as Sauron, Saruman, the Nazgul, etc...    Azog is just big orc and Smaug talked too much IMO.  I mean after having a 20 minute conversation with Bilbo he just didn't seem as threatening.  The Great Goblin wasn't scary at all.

What am I missing?",0.31,0,0,0
movies,Why do so many movies revolve around fathers &amp; son/daughters,"Ever since I was a child, I‚Äôve always watched movies, but as a male raised by a single mother, I notice that a lot of movies and shows depict households that are primarily father-son or even father-daughter relationships. As I‚Äôve gotten older and watched more movies, I‚Äôve realized there aren‚Äôt many focused on a mother and son, which I find strange. I especially feel awkward when watching a new movie‚Äîor one I want to rewatch‚Äîwith my mother, and the plot is centered around a father and son. For some reason, when I see a new movie with that kind of storyline, I feel bad or some sort of pity for my mother, since neither of us can relate to it. I‚Äôve only ever thought about this and have never shared it with anyone. Has anyone ever felt the same? And yes I do know about some movies that do have a primarily mother and son story.",0.29,0,0,0
movies,Is Jack Skellington the most morally misguided hero in movies?,"Wholesome as he is, the Pumpkin King is still responsible for multiple kidnappings, plenty of property damage and immeasurable trauma for some of those poor kids with the presents he gave them.

That said, he's no Oogie Boogie and learns from his mistakes at the end, so I think he's still a good guy, just kind of a dick. What other classic movie heroes that could use a stern talking to?",0.27,0,0,0
movies,Background actors going nude,"Why do women in movies go nude? I am not talking about lead or supporting actresses, because they get paid a lot of money and it is necessary for the plot/movie. I am talking about background actors with a short appearance.
I am talking about women in movies like ‚ÄûAmerican Pie‚Äú or other comedies, where nude scenes are only used for kind of sexual or objectifying reasons. 
I cant imagine they get a lot of money for it, neither will they get big roles or contacts because of this scene. 

So whats the point of it and the reason they do it?",0.18,0,0,0
movies,Transformers 1-3 are GREAT movies,"I‚Äôll pretty much die on this argument, I don‚Äôt love the hat the franchise gets. I loved the comedy in all of the movies. These movies made my childhood. People complain about devastators ballsüòê, bumblebee peeing, like butt talk doesn‚Äôt happen in kids moviesüòê. I feel like people wanted that cartoon bullcrap where Optimus dies. Probably same people who want only one Jedi and want the ronin series for TMNT. Anyways Sam‚Äôs relationship with Tyrese and Josh duhamel, those teaching/ funny moments üëå. Optimus‚Äôs ‚ÄúI‚Äôll take you all alive‚Äùüî•, did people want it to be Oscar nominated? I mean what is the marvel franchise then? I think they‚Äôre good watches. Did people want it to have a seriousness like the movie Taken?",0.23,0,0,0
movies,Eternal Sunshine Of The Spotless Mind Ummm Yikes...,"I just saw the movie the first time and well, am I the only person that got a huge ick and very uncomfortable watching the movie?  The acting and story telling were excellent, so from that standpoint, the movie was great.  But the themes/characters in the movie made me very uncomfortable and icky and the characters themselves were morally not great, other than Clementine who was just living her life freely and got pulled into all of this.  I think they made the male characters very relatable to many males out there, which was very smart of the movie creators, but is also what made it very icky.

  
SPOILERS: This is just my take on the whole thing:

&gt;!**Joel**: Middle aged introverted socially awkward insecure male who doesn't know himself that well and has low levels of emotional intelligence/social skills. Similar to many middle aged males out there, he is not living a fulfilling life and has little or no sense of direction. Meets and finds Clementine attractive because she is a younger hotter female who is able to live in the present and live life freely.  Basically, he's attracted to her because of her 'free spirt' energy, and more into what she makes him feel rather than her as a person.  It's like your middle aged office male falling for a rave girl.  Clementine even mentions that that's why guys are into her - the excitement and the ups and downs due to her impulsiveness, giving them something interesting in otherwise their mundane life - but not actually into her as a person.  And I'd imagine the good sex that comes with it to. This is evident though Joel's inability to commit to her, and lack of desire to have kids with her.  He sees her as a source of entertainment and excitement and escapism from his boring life, while she actually is looking for some sort of romantic, LTR.  As a typical insecure person would do, Joel also makes assumptions that she'd cheat on him, because he doesn't understand the free spirt style of life.  But Clementine is just being herself.  Anyways, Joel gives me mid levels of ick.!&lt;

&gt;!**Clementine**: She literally comes off like just a young free spirit girl like you could find at a rave or festival.  Impulsives, has some mental health problems (she admits to anxiety, prone to boredom), but values living life to the fullest and being in the present.  For whatever reason she's into Joel - no ideal why, maybe he seems to be a good person and stable and consistent.  No ick here!&lt;

&gt;!**Dr. Howard**: High levels of ick.  Forcefully erases memories from Mary without her consent to cover things up. Runs a questionable medical practice - people seem to either regret or have side effects greater than what they were told (like getting drunk).  Even though Mary seemed to be the one coming on to him, he still has a wife and kids.!&lt;

&gt;!**Patrick**: Straight up predator, preying on vulnerable and emotional unstable women (like Clementine).  Most likely into her the same way Joel is, but from a predatory standpoint manipulative druggy/rapey standpoint.  Joel just into her from the lack of direction standpoint.  Huge huge ick. Seems like the predators you'd find at clubs or raves.!&lt;

&gt;!**Mary**: Directionless female, who happens to be into older men.  She's young so get's a pass but minor ick.!&lt;





",0.08,0,0,0
